{
  "timestamp": "2026-04-11T20:42:26",
  "backbone": "EfficientNet-B0",
  "img_size": 96,
  "classes": [
    "Happy",
    "Neutral",
    "Sad"
  ],
  "phase_starts": [
    0
  ],
  "phase_labels": [
    "Focal fine-tune (from v1)"
  ],
  "train_loss": [
    0.27077754724432324,
    0.2537857470575719,
    0.25436168126458314,
    0.24585244753121108,
    0.2476588073918872,
    0.24218734928732583,
    0.23650686712899022,
    0.24025258055058557,
    0.24449608440471854,
    0.2441996593436481,
    0.24198217080001416,
    0.2436384316211088,
    0.24129917684761448,
    0.2415507780940663,
    0.2371044376196546,
    0.23763652861550105,
    0.23819979853835885,
    0.24120042480049342,
    0.23674493963683152,
    0.23564880959422,
    0.23322694913303962,
    0.2381663025235108,
    0.23185362367247872,
    0.23538507233384223,
    0.2378276727511161,
    0.226948503367749,
    0.23306454882102182,
    0.2336673372881383,
    0.23105920536295727,
    0.22501586853666244,
    0.22497602998040933,
    0.22305070946233135,
    0.23159639063897608,
    0.22740414652387578,
    0.22475781459085825,
    0.2238076440236592,
    0.22732356197967868,
    0.2245856361539566,
    0.22553352871187282,
    0.2209672160966138,
    0.22735696203428707,
    0.2220522966245996,
    0.2221624539737215,
    0.22227411030949404,
    0.21977848507848494,
    0.21865017856135313,
    0.22167302174687636,
    0.21620070387005194,
    0.22050704311971897,
    0.21981653889482056
  ],
  "train_acc": [
    74.89284636281316,
    74.65741020223362,
    74.44008451554483,
    74.77210987020827,
    74.56082100814972,
    74.56685783277996,
    75.21279806821612,
    74.81436764261998,
    74.27105342589797,
    74.6272260790824,
    74.61515242982192,
    74.4099003923936,
    74.47630546332628,
    74.69966797464534,
    74.54874735888922,
    74.38575309387262,
    75.15242982191367,
    74.45215816480531,
    74.99547238152732,
    74.79625716872926,
    75.32146091156052,
    74.76607304557803,
    75.58708119529128,
    74.94717778448536,
    74.92303048596438,
    76.06399034108058,
    75.23090854210686,
    74.98943555689708,
    75.5629338967703,
    76.31753697555087,
    75.48445517657713,
    75.81044370661031,
    75.21279806821612,
    76.3356474494416,
    76.11228493812254,
    76.07606399034108,
    75.8345910051313,
    76.17869000905525,
    76.10021128886206,
    75.56897072140055,
    75.69574403863568,
    76.19680048294597,
    76.49864171445819,
    76.05795351645035,
    76.25716872924842,
    76.58919408391186,
    76.29942650166012,
    76.24509507998792,
    76.13643223664353,
    76.28735285239964
  ],
  "val_loss": [
    0.2943139866051112,
    0.28062337904051554,
    0.27243789794132933,
    0.26908153323036765,
    0.2671060401871436,
    0.2615254242610569,
    0.260595215946873,
    0.2631273093688494,
    0.26211415117101655,
    0.2583444969670919,
    0.25831578956033663,
    0.25894634449112874,
    0.256249536482424,
    0.257295192065024,
    0.25546108653272126,
    0.2556185562898127,
    0.25560287094388173,
    0.2549884840077126,
    0.25472368064423995,
    0.25533134394336954,
    0.25528257091300505,
    0.25183978217053454,
    0.2521071478214554,
    0.2518488976665323,
    0.25154242801769866,
    0.2514385191206696,
    0.25356953994597126,
    0.25146874654299534,
    0.2511009105938016,
    0.25143330751845916,
    0.25058113965309553,
    0.2507206809902761,
    0.25064328160705546,
    0.24949278483761192,
    0.24982956069633405,
    0.2512165259919951,
    0.2502439268447341,
    0.24864991741747652,
    0.2484604050807497,
    0.2510857325834402,
    0.24945556741897856,
    0.24990794472173788,
    0.24882221084324838,
    0.2481743248987949,
    0.2485715062446014,
    0.2495741396413945,
    0.24910609997982955,
    0.24729299190768336,
    0.24859306743972526,
    0.24817189405885226
  ],
  "val_acc": [
    73.76425855513308,
    72.94948397609996,
    72.35198261814232,
    72.67789244975556,
    72.67789244975556,
    72.46061922868007,
    73.00380228136882,
    72.13470939706681,
    72.02607278652906,
    72.73221075502444,
    72.89516567083108,
    73.00380228136882,
    73.00380228136882,
    72.94948397609996,
    72.6235741444867,
    72.84084736556218,
    72.94948397609996,
    72.78652906029332,
    73.11243889190658,
    73.22107550244432,
    72.46061922868007,
    72.6235741444867,
    72.84084736556218,
    73.22107550244432,
    73.11243889190658,
    72.84084736556218,
    72.89516567083108,
    73.2753938077132,
    73.16675719717544,
    72.89516567083108,
    73.7099402498642,
    73.7099402498642,
    73.11243889190658,
    73.76425855513308,
    73.54698533405758,
    73.43834872351984,
    73.0581205866377,
    73.7099402498642,
    73.38403041825094,
    73.22107550244432,
    73.76425855513308,
    73.11243889190658,
    73.11243889190658,
    73.32971211298207,
    73.81857686040195,
    73.4926670287887,
    73.11243889190658,
    73.54698533405758,
    73.32971211298207,
    73.81857686040195
  ],
  "test_acc": 73.80254154447702
}