{
  "timestamp": "2026-04-11T19:42:23",
  "backbone": "EfficientNet-B0",
  "img_size": 96,
  "classes": [
    "Happy",
    "Neutral",
    "Sad"
  ],
  "phase_starts": [
    0,
    15,
    35
  ],
  "phase_labels": [
    "Head only",
    "Fine-tune 30",
    "Fine-tune 60"
  ],
  "train_loss": [
    1.0548407087720415,
    1.0295150101310784,
    1.0178943655046855,
    1.0142109745908208,
    1.0136602447215,
    1.014252040625842,
    1.0074760798705584,
    1.0012849709003886,
    1.0016565986820984,
    1.0035306697736648,
    1.0026032328245829,
    0.9980541997361752,
    0.9992256955441269,
    0.9949012602919219,
    0.9908970946348796,
    0.9603937425571664,
    0.9301279469555395,
    0.907992136856238,
    0.8878215565985148,
    0.8691607413427225,
    0.8630102009309802,
    0.8555101278358596,
    0.842766334303117,
    0.8369690405217823,
    0.8314707303745237,
    0.8182172802111335,
    0.819177382473783,
    0.8099932284863234,
    0.8051086154258974,
    0.7998471165797231,
    0.7992010049002429,
    0.7918573842032813,
    0.7928576039289227,
    0.7871536665980348,
    0.7786615997040124,
    0.7757073339543744,
    0.7640446964506292,
    0.7605707873687836,
    0.7588543895037196,
    0.7547951073794792,
    0.7530535984931667,
    0.7507245511293339,
    0.7454256489742497,
    0.745521619666785,
    0.7384654754207748,
    0.7407517684034951,
    0.7327260490202162,
    0.7321286262538977,
    0.7326629128659056,
    0.7283904075298718,
    0.7297286870542193,
    0.7251491424183165,
    0.7195910876444233,
    0.7193092085247921,
    0.7193472384758813
  ],
  "train_acc": [
    47.70298822819197,
    49.38122547539994,
    50.87232115907033,
    51.415635375792334,
    51.51222456987624,
    51.693329308783575,
    51.94687594325384,
    53.02143072743737,
    53.015393902807126,
    52.47811651071537,
    52.586779354059765,
    53.1482040446725,
    53.6492604889828,
    53.29308783579837,
    53.6492604889828,
    56.00362209477815,
    59.69815876848777,
    62.004225777241174,
    63.102927859945666,
    64.78116510715364,
    65.1554482342288,
    65.7651675218835,
    66.1998188952611,
    67.18382130999095,
    67.35285239963778,
    68.3308179897374,
    68.24630244491398,
    69.0914578931482,
    69.38122547539994,
    69.56836703893752,
    69.57440386356777,
    70.14186537881073,
    70.32900694234833,
    70.17204950196196,
    70.94476305463327,
    71.54844551765771,
    71.69332930878358,
    72.29701177180803,
    72.2789012979173,
    72.9308783579837,
    72.81617869000905,
    73.19649864171446,
    73.7156655599155,
    73.23875641412617,
    73.95110172049502,
    73.69755508602475,
    74.01146996679746,
    74.19861153033504,
    74.3434953214609,
    74.3434953214609,
    74.26501660126773,
    74.92906731059463,
    75.11017204950197,
    75.47841835194687,
    75.17657712043466
  ],
  "val_loss": [
    1.0006742889890199,
    0.9915063049662444,
    1.0042279138958758,
    0.9937889335726604,
    0.9968542877841682,
    0.997966846456222,
    0.9863306634261646,
    0.9884106544357871,
    0.9807139220022754,
    0.9762236208840598,
    0.9786826890166332,
    0.9770446877839577,
    0.9763003014663456,
    0.9805964966431576,
    0.9760524475464414,
    0.9227680730016772,
    0.8962418127163541,
    0.8751821812568056,
    0.8604147710080123,
    0.8577825279095974,
    0.8443055481835593,
    0.8320327136647371,
    0.8258815604924249,
    0.8229187205717138,
    0.8173933929881604,
    0.8129304162125948,
    0.8112377408469001,
    0.8087848420055064,
    0.8040377153189917,
    0.8035507717578065,
    0.7963915897218641,
    0.8025233840113551,
    0.800215063180566,
    0.8019935532732544,
    0.788539233899259,
    0.7853183037945914,
    0.7857202567657914,
    0.7807639293991826,
    0.7756842179572951,
    0.7765268160233609,
    0.7695303657727032,
    0.7658479212095788,
    0.7631141015979532,
    0.7622949081163961,
    0.762273285034103,
    0.763842995337725,
    0.759354018504564,
    0.758023029627326,
    0.7568710206773603,
    0.7565698894322533,
    0.7547056725140436,
    0.7533703717701077,
    0.7535457070400895,
    0.7517014177256082,
    0.7492917872588962
  ],
  "val_acc": [
    54.97012493210212,
    55.458989679522,
    51.439435089625206,
    53.12330255296035,
    53.77512221618686,
    51.60239000543183,
    54.15535035306899,
    54.15535035306899,
    54.42694187941336,
    55.51330798479087,
    55.2417164584465,
    55.83921781640413,
    56.165127648017375,
    55.62194459532862,
    54.97012493210212,
    60.07604562737643,
    61.92286800651819,
    64.25855513307985,
    64.42151004888647,
    65.45355784899512,
    65.942422596415,
    65.942422596415,
    66.10537751222162,
    66.75719717544813,
    67.95219989136339,
    67.78924497555676,
    67.57197175448127,
    68.8212927756654,
    68.49538294405214,
    68.92992938620314,
    68.87561108093428,
    69.2558392178164,
    68.76697447039652,
    69.9076588810429,
    69.9076588810429,
    70.50516023900055,
    70.50516023900055,
    70.55947854426941,
    70.8310700706138,
    70.99402498642043,
    71.86311787072243,
    71.21129820749591,
    71.64584464964693,
    71.97175448126019,
    72.08039109179794,
    72.08039109179794,
    71.86311787072243,
    72.35198261814232,
    72.29766431287344,
    72.89516567083108,
    73.0581205866377,
    73.0581205866377,
    73.11243889190658,
    73.16675719717544,
    73.2753938077132
  ],
  "test_acc": 72.72727272727273
}