{
  "timestamp": "2026-04-30T20:28:19",
  "backbone": "InceptionResNetV1-VGGFace2",
  "img_size": 160,
  "classes": [
    "Happy",
    "Neutral",
    "Sad"
  ],
  "phase_starts": [
    0
  ],
  "phase_labels": [
    "Continued fine-tuning (from v5)"
  ],
  "train_loss": [
    0.28968357377582127,
    0.2852770153635232,
    0.2719806580773004,
    0.27914362989244124,
    0.2732576367210253,
    0.27973618511107334,
    0.2748369180904597,
    0.26859830669628765,
    0.2728145159171328,
    0.2658647977194326,
    0.2589117479699116,
    0.2613055278048959,
    0.26485339224235854,
    0.2621296833395239,
    0.2509810255453773,
    0.262508269197257,
    0.2604786928849011,
    0.24933185415546202,
    0.24902637118054916,
    0.2516927476282473,
    0.26358227451668026,
    0.247547404986584
  ],
  "train_acc": [
    61.727497846683896,
    63.75699827734711,
    63.372093023255815,
    62.526916451335055,
    62.95219638242894,
    62.739556416882,
    64.52950043066322,
    66.07181309216192,
    65.26701119724375,
    64.5187338501292,
    64.55103359173127,
    63.695090439276484,
    64.78251507321275,
    65.16472868217055,
    65.55501722652886,
    62.88221360895779,
    65.61154177433247,
    63.49321705426356,
    65.97222222222221,
    66.35443583118001,
    62.836455641688204,
    63.63587424633936
  ],
  "val_loss": [
    0.1492545468400615,
    0.15278069478596829,
    0.1520229129828224,
    0.14574360420075497,
    0.1439300848301067,
    0.1458286803591159,
    0.14251549045244852,
    0.15837765721849692,
    0.15367360597895097,
    0.14585539606190467,
    0.14967579562072605,
    0.1450751958660377,
    0.14694561225961345,
    0.14918626278869865,
    0.14458584184794462,
    0.14860096088675565,
    0.16065362765807514,
    0.15036231949347859,
    0.1482974728641584,
    0.15262026830699094,
    0.14606101175611333,
    0.15195418952047363
  ],
  "val_acc": [
    87.13662790697676,
    86.9186046511628,
    87.06395348837209,
    87.42732558139535,
    87.47577519379846,
    87.5,
    87.96027131782945,
    87.1608527131783,
    87.40310077519379,
    87.86337209302324,
    87.79069767441861,
    87.79069767441861,
    87.62112403100775,
    87.93604651162791,
    87.59689922480621,
    87.98449612403101,
    88.00872093023256,
    88.15406976744185,
    87.6937984496124,
    88.20251937984496,
    88.10562015503875,
    88.32364341085271
  ],
  "test_acc": 87.76978417266187
}