{
  "timestamp": "2026-04-30T20:57:59",
  "backbone": "InceptionResNetV1-VGGFace2",
  "img_size": 160,
  "classes": [
    "Happy",
    "Neutral",
    "Sad"
  ],
  "phase_starts": [
    0
  ],
  "phase_labels": [
    "Continued fine-tuning (from v5)"
  ],
  "train_loss": [
    0.28681007852901375,
    0.27440877914634065,
    0.27896209318482806,
    0.2747681187233157,
    0.26002044636919824,
    0.2701163985650155,
    0.26928135668610215,
    0.27453221921695914,
    0.2710618057723809,
    0.26228004180594416,
    0.26150711129750803,
    0.27086665746366845,
    0.26412781997295826,
    0.2575686436457741,
    0.2622905347839601,
    0.2559031775280589,
    0.257514507310027,
    0.2615479808958515,
    0.25646805742709006,
    0.262890370522564,
    0.26663529870327335,
    0.2509879838165079,
    0.2520756108508246,
    0.24765933923660732,
    0.25900710114854664,
    0.25202933831732405,
    0.2596703468533963,
    0.24446999022382584,
    0.2463073722190327,
    0.2504919850035642,
    0.24339655964514184,
    0.24536067528472083,
    0.2505632295280464,
    0.25323527792755846,
    0.2518956876206665,
    0.25632105750399964,
    0.2492078341267727,
    0.25339958326478745,
    0.2542623913205974,
    0.2490729703074586
  ],
  "train_acc": [
    62.65073212747632,
    64.29263565891473,
    61.23761843238588,
    64.03154608096469,
    63.66817398794144,
    62.131244616709736,
    65.5792420327304,
    66.01798018949182,
    63.16752799310939,
    63.42592592592593,
    63.32364341085272,
    63.34786821705426,
    64.6156330749354,
    64.44067614125754,
    64.30071059431525,
    64.5160422049957,
    63.8431309216193,
    63.66548234280792,
    66.30329457364341,
    64.62639965546943,
    64.82019810508183,
    64.79059000861326,
    62.80684754521963,
    63.598191214470276,
    65.00861326442721,
    65.29931093884582,
    64.99246339362618,
    65.60615848406546,
    65.75958225667527,
    65.41236003445306,
    66.14448751076658,
    64.90094745908699,
    66.40288544358312,
    65.48503445305771,
    66.32213608957795,
    63.891580534022395,
    66.22523686477176,
    63.94541343669251,
    65.27777777777779,
    65.22125322997417
  ],
  "val_loss": [
    0.1497593466625657,
    0.15789712942385858,
    0.14558161356190377,
    0.1478084177933922,
    0.14644893576470455,
    0.15576201931450717,
    0.14404327774694722,
    0.1521471157785534,
    0.1524483312007993,
    0.1487862980642984,
    0.14782719591329263,
    0.14559532424738242,
    0.14944321806578673,
    0.153190718140713,
    0.1505141411871873,
    0.15704357416130776,
    0.16460607853508735,
    0.15209320996158807,
    0.1553971594156221,
    0.1547393927047419,
    0.14309034513872723,
    0.1496728598609451,
    0.15112170888934023,
    0.15726733970087628,
    0.15780944059523502,
    0.1443908741307813,
    0.1544184268907059,
    0.1508478082196657,
    0.14182866867198501,
    0.15358700805394224,
    0.14899490866088128,
    0.14953604998976686,
    0.16274834996046023,
    0.14906222067138022,
    0.14828517293745233,
    0.15036556656046432,
    0.14675775401351987,
    0.15183407980804295,
    0.14163123891335125,
    0.1540671091440112
  ],
  "val_acc": [
    87.18507751937985,
    86.48255813953489,
    87.42732558139535,
    87.40310077519379,
    87.52422480620154,
    86.87015503875969,
    87.40310077519379,
    86.7248062015504,
    87.5,
    87.3062015503876,
    87.52422480620154,
    88.39631782945736,
    87.98449612403101,
    87.42732558139535,
    87.33042635658916,
    87.52422480620154,
    87.28197674418605,
    87.47577519379846,
    87.6453488372093,
    87.52422480620154,
    88.25096899224806,
    87.6453488372093,
    87.57267441860465,
    88.12984496124031,
    88.39631782945736,
    87.93604651162791,
    88.03294573643412,
    87.81492248062015,
    88.12984496124031,
    87.98449612403101,
    87.79069767441861,
    87.66957364341084,
    88.39631782945736,
    88.0813953488372,
    88.2751937984496,
    88.39631782945736,
    88.00872093023256,
    87.98449612403101,
    88.63856589147287,
    87.59689922480621
  ],
  "test_acc": 88.11859603226509
}