{
  "timestamp": "2026-04-18T22:30:25",
  "backbone": "InceptionResNetV1-VGGFace2",
  "img_size": 160,
  "classes": [
    "Happy",
    "Neutral",
    "Sad"
  ],
  "phase_starts": [
    0,
    15,
    40
  ],
  "phase_labels": [
    "Head only",
    "Fine-tune 30",
    "Fine-tune 60"
  ],
  "train_loss": [
    0.5238683313567715,
    0.486918504231968,
    0.4738275500641723,
    0.4714312885569458,
    0.470414660184369,
    0.47085493895434594,
    0.46914173538165294,
    0.47173441698795554,
    0.4693736227599841,
    0.46955495800672165,
    0.47035906604402133,
    0.47215161949370466,
    0.4700115270187483,
    0.46871107262234357,
    0.4693227804600422,
    0.4174996908115581,
    0.3286608031964528,
    0.315658998427773,
    0.305151277991023,
    0.2968492022010399,
    0.2894399422417418,
    0.28725507420316837,
    0.27906795453142236,
    0.27569162311685386,
    0.27041325364566693,
    0.26302833548401267,
    0.25971821334267564,
    0.2650030739059949,
    0.25315488189535856,
    0.2523275385325988,
    0.25567353576498747,
    0.24565777789663384,
    0.23540750546356812,
    0.236685463034008,
    0.23706024801751646,
    0.23391872161837307,
    0.24131404728493128,
    0.23103262477656256,
    0.23797313029605904,
    0.22944423657722457,
    0.23397993656399946,
    0.23681292479455113,
    0.22793309903935458,
    0.22509033580107693,
    0.2319814647121947,
    0.23879658684301336,
    0.23345853139315054,
    0.22201598621744414,
    0.2298103501887079,
    0.23464711494326695,
    0.22716240257563824,
    0.22617276368420458,
    0.22522268534784784,
    0.22064231717309288,
    0.22387712301877324,
    0.21964996308730042,
    0.22377051191017813,
    0.21983493971064827,
    0.21698530621563536,
    0.20994991020433457,
    0.21543467161626675,
    0.21390722874266438,
    0.21093589655291306,
    0.2169097720049354,
    0.2163758334622724,
    0.21311199894811858
  ],
  "train_acc": [
    36.6817398794143,
    38.7973729543497,
    39.10691214470285,
    38.53897502153316,
    39.59140826873385,
    39.41375968992248,
    39.61024978466839,
    39.8551894918174,
    39.05307924203273,
    39.15267011197244,
    39.66408268733851,
    39.24149440137813,
    39.51604220499569,
    39.34108527131783,
    39.467592592592595,
    44.71091731266149,
    53.59872954349698,
    55.82202842377261,
    55.377906976744185,
    56.27153316106804,
    57.64696382428941,
    55.97814384151594,
    55.493647717484926,
    57.70887166236004,
    59.073535745047366,
    59.88102928509905,
    58.772071490094746,
    56.949827734711455,
    58.537898363479755,
    58.196059431524546,
    58.15837639965547,
    57.5473729543497,
    58.58634797588286,
    58.06955211024979,
    58.537898363479755,
    57.23783376399656,
    58.64556416881999,
    58.136843238587424,
    59.66300602928511,
    60.31976744186046,
    58.86897071490095,
    59.14082687338501,
    59.331933677863915,
    59.77874677002583,
    59.62801464254953,
    60.055986218776916,
    60.56739879414298,
    61.224160206718345,
    60.16096037898363,
    60.62123169681309,
    60.78003875968992,
    59.21619293712317,
    60.40859173126615,
    60.83387166236004,
    59.4692075796727,
    61.48255813953488,
    61.79209732988803,
    62.40848406546081,
    61.01959517657192,
    62.01281223083549,
    60.20402670111973,
    59.789513350559865,
    61.531007751937985,
    58.788221360895776,
    60.59162360034453,
    60.62123169681309
  ],
  "val_loss": [
    0.5000332834184632,
    0.4856357884037402,
    0.46883210724638413,
    0.4570888084496639,
    0.4503645102183024,
    0.4460126912409021,
    0.44349557877511014,
    0.4419168002845705,
    0.4430798601734546,
    0.4402150414710821,
    0.4423442538394484,
    0.4401106730450031,
    0.43937389333118765,
    0.44035625550173974,
    0.45074274951173354,
    0.4463567359502925,
    0.44122863116190414,
    0.3922005404335584,
    0.33306501470794975,
    0.28523069366004117,
    0.26672666225322456,
    0.23597200295721837,
    0.21525629962137502,
    0.21311322732489238,
    0.2023595553035884,
    0.18422964596471123,
    0.1755134779815526,
    0.17234351942243503,
    0.1721659363933312,
    0.16842000117135603,
    0.170112907077915,
    0.16819757558116616,
    0.17062386269717253,
    0.16488476282404374,
    0.16637085609195768,
    0.16451822510061337,
    0.16527888005556063,
    0.16403849815675456,
    0.16738798105439476,
    0.1612728027872337,
    0.1687129829512086,
    0.16815689633521,
    0.16754008794939795,
    0.1615059992601705,
    0.16924591940040737,
    0.17677620965843052,
    0.16978316829186077,
    0.16225489997124487,
    0.16335256178249685,
    0.16722169530022052,
    0.16354681054751077,
    0.16234459341034407,
    0.1641280658023302,
    0.1611238932886789,
    0.16726152564204017,
    0.16119786519412846,
    0.16437290296998136,
    0.16844772010348563,
    0.1643554170926412,
    0.16349820850431457,
    0.1633470012236011,
    0.1679292733586112,
    0.1763935740603957,
    0.16437948697297147,
    0.16630627607652385,
    0.1624458416025768
  ],
  "val_acc": [
    33.672480620155035,
    38.95348837209303,
    40.35852713178294,
    40.89147286821706,
    42.10271317829458,
    42.320736434108525,
    42.490310077519375,
    42.320736434108525,
    42.53875968992248,
    43.12015503875969,
    42.70833333333333,
    43.02325581395349,
    43.31395348837209,
    42.781007751937985,
    41.15794573643411,
    40.406976744186046,
    39.825581395348834,
    47.86821705426357,
    61.91860465116279,
    72.28682170542635,
    73.35271317829456,
    77.83430232558139,
    80.76550387596899,
    78.43992248062015,
    80.64437984496125,
    84.27810077519379,
    84.98062015503875,
    86.14341085271317,
    85.07751937984496,
    85.41666666666666,
    85.46511627906976,
    85.36821705426357,
    84.90794573643412,
    86.04651162790698,
    86.21608527131784,
    86.36143410852713,
    85.94961240310077,
    86.65213178294574,
    85.78003875968993,
    86.74903100775194,
    85.44089147286822,
    85.80426356589147,
    85.73158914728683,
    86.84593023255815,
    85.80426356589147,
    85.70736434108527,
    85.29554263565892,
    86.77325581395348,
    86.87015503875969,
    86.31298449612403,
    86.87015503875969,
    86.60368217054264,
    86.77325581395348,
    87.23352713178295,
    86.38565891472868,
    86.9186046511628,
    86.24031007751938,
    85.53779069767442,
    86.40988372093024,
    87.13662790697676,
    86.74903100775194,
    86.11918604651163,
    84.68992248062015,
    86.50678294573643,
    86.94282945736434,
    86.96705426356588
  ],
  "test_acc": 86.67974711140178
}