{
  "timestamp": "2026-04-18T16:52:51",
  "backbone": "EfficientNet-B0",
  "img_size": 96,
  "classes": [
    "Happy",
    "Neutral",
    "Sad"
  ],
  "phase_starts": [
    0
  ],
  "phase_labels": [
    "Focal fine-tune (from v1)"
  ],
  "train_loss": [
    0.37597236566046616,
    0.3302667863301221,
    0.31091063483124864,
    0.30712093527105533,
    0.30011715888206963,
    0.29591359065895345,
    0.29124369270117706,
    0.28709313486486954,
    0.28172442275937726,
    0.2796873256474297,
    0.276077556415019,
    0.2749127536165006,
    0.2676199383770567,
    0.2671803462926321,
    0.26184713067831816,
    0.26495841391942915,
    0.2572277658823541,
    0.2575426015434955,
    0.2570951232152392,
    0.25308432723303276,
    0.2484716814232735,
    0.25084794468657917,
    0.25196049230864703,
    0.2468561495459357,
    0.2418290514508575,
    0.24071585187410918,
    0.243290348852841,
    0.24166567486283289,
    0.23828419675917384,
    0.24065078708963286,
    0.23700364677172914,
    0.23498409773438886,
    0.23558923016838942,
    0.23317574984959547,
    0.23387197689389894,
    0.23315381286320863,
    0.23055123286859214,
    0.22672339046853662,
    0.23158409924572856,
    0.22588598122379064,
    0.22748144968227516,
    0.2201625556780489,
    0.22093023971993794,
    0.2238633307940379,
    0.22075260277198985,
    0.2196075009129152,
    0.21764267888642097,
    0.21850407694712679,
    0.2180426313664562,
    0.2144494173112971
  ],
  "train_acc": [
    65.380060292851,
    65.7138242894057,
    66.83085701981051,
    66.98966408268734,
    67.86714039621017,
    68.40546942291128,
    68.62080103359173,
    69.07568906115418,
    69.43098621877691,
    69.96662360034453,
    69.98277347114556,
    70.34076227390182,
    70.7714254952627,
    70.56147717484926,
    71.31513781223083,
    70.80103359173127,
    71.9692075796727,
    71.8723083548665,
    71.73772609819122,
    72.55329457364341,
    72.87629198966408,
    72.10917312661499,
    72.26798018949182,
    72.56406115417742,
    73.46845391903531,
    73.42807924203272,
    72.91935831180018,
    73.2262058570198,
    73.61918604651163,
    73.20198105081826,
    73.72954349698536,
    74.1359819121447,
    73.71608527131784,
    74.34862187769164,
    74.33516365202412,
    74.46705426356588,
    74.14674849267873,
    74.80081826012058,
    74.22211455641688,
    74.65008613264428,
    74.73891042204995,
    75.46027131782945,
    75.17495693367786,
    75.40643841515934,
    75.29877260981912,
    75.58947028423772,
    75.84248492678725,
    75.42527993109388,
    75.74289405684755,
    75.57870370370371
  ],
  "val_loss": [
    0.29835267492042955,
    0.2829867880935817,
    0.277032265367434,
    0.2705457670282024,
    0.26803489503010297,
    0.25993120554805726,
    0.2564293471879737,
    0.24970259915950688,
    0.24959381213483883,
    0.24831730173539746,
    0.2399627506270889,
    0.24087707686793897,
    0.2381995230220085,
    0.23763706332953402,
    0.23591709414193796,
    0.22828236106754274,
    0.23053466557532318,
    0.226305916096813,
    0.2219004217506379,
    0.22213257167690484,
    0.22346264470455257,
    0.22260226574979086,
    0.2157945947129597,
    0.21569012810093488,
    0.21349875952384267,
    0.21437776412150655,
    0.213297067571056,
    0.20927308615325957,
    0.20899792997411978,
    0.20785943609337473,
    0.20811542325703672,
    0.20958706759667212,
    0.20679786454799565,
    0.20659766190273818,
    0.20112204262914585,
    0.20161533482777055,
    0.20467323457547862,
    0.20366709373256034,
    0.20187440514564514,
    0.1993182944928029,
    0.200814297725988,
    0.20052027182523594,
    0.19916655897170074,
    0.1951394863137903,
    0.19711759420790415,
    0.19420670896999595,
    0.19624914182711017,
    0.19357713525609452,
    0.1940952973772389,
    0.19506304763084234
  ],
  "val_acc": [
    69.88856589147287,
    70.05813953488372,
    69.62209302325581,
    70.61531007751938,
    70.30038759689923,
    71.60852713178295,
    71.60852713178295,
    72.04457364341084,
    72.16569767441861,
    71.77810077519379,
    72.84399224806202,
    72.04457364341084,
    72.4563953488372,
    72.23837209302324,
    72.1172480620155,
    73.44961240310077,
    72.86821705426357,
    73.37693798449612,
    73.88565891472868,
    73.69186046511628,
    73.32848837209302,
    73.25581395348837,
    74.51550387596899,
    74.49127906976744,
    74.63662790697676,
    74.44282945736434,
    74.49127906976744,
    74.8546511627907,
    75.0484496124031,
    75.16957364341084,
    75.07267441860465,
    74.68507751937985,
    75.0,
    74.8546511627907,
    75.94476744186046,
    75.5813953488372,
    75.21802325581395,
    75.31492248062015,
    75.09689922480621,
    75.75096899224806,
    75.09689922480621,
    75.36337209302324,
    75.89631782945736,
    76.45348837209302,
    75.94476744186046,
    76.67151162790698,
    75.96899224806202,
    76.62306201550388,
    76.23546511627907,
    76.21124031007753
  ],
  "test_acc": 75.99738391105298
}