{
  "timestamp": "2026-04-19T00:12:17",
  "backbone": "InceptionResNetV1-VGGFace2",
  "img_size": 160,
  "classes": [
    "Happy",
    "Neutral",
    "Sad"
  ],
  "phase_starts": [
    0
  ],
  "phase_labels": [
    "Continued fine-tuning (from v5)"
  ],
  "train_loss": [
    0.2922737113714321,
    0.28317632442091584,
    0.2803383756502757,
    0.2685099748909011,
    0.2789167607272113,
    0.2639991616722739,
    0.2690480896668841,
    0.26520973919512997,
    0.2738056424604111,
    0.2732139163418744,
    0.2632486319793493,
    0.2676242293595857,
    0.2612499107929985,
    0.25304335170296327,
    0.26476983695221196,
    0.25611686574986636,
    0.25211496742941203,
    0.25728333006636217,
    0.2572181864186775,
    0.2666730659337623,
    0.2543954188124462,
    0.25966444748239614,
    0.2595383916804238,
    0.2574573411100081,
    0.25983375842898804,
    0.2583545582765243,
    0.25579418670658816
  ],
  "train_acc": [
    61.2026270456503,
    61.71134797588286,
    64.78520671834626,
    63.948105081826014,
    62.489233419465975,
    62.87144702842377,
    64.39760981912144,
    63.907730404823425,
    62.34657622739018,
    63.53090008613265,
    64.09614556416882,
    64.40299310938846,
    63.97502153316107,
    63.15676141257537,
    63.96156330749354,
    63.74623169681309,
    66.57515073212747,
    64.91709732988802,
    66.00452196382429,
    64.69638242894057,
    64.47028423772609,
    66.4944013781223,
    65.81072351421189,
    66.2063953488372,
    64.42183462532299,
    65.82956503014643,
    63.78391472868217
  ],
  "val_loss": [
    0.1515160272287768,
    0.14747832553793294,
    0.16128901282484218,
    0.1528001615936442,
    0.1527685585410096,
    0.14667040236698564,
    0.15964784594469292,
    0.14867111024006394,
    0.15448616687641586,
    0.15449334553969923,
    0.1531345355649327,
    0.1416127573150073,
    0.15633488856544792,
    0.15306756836037302,
    0.15170112494812454,
    0.14257413830405982,
    0.14608462778634804,
    0.14868670470954837,
    0.14703354551348574,
    0.1697950178338576,
    0.14256390363209007,
    0.15738009621006574,
    0.15162595205528792,
    0.15296549390452777,
    0.14515619234059207,
    0.1615539538536885,
    0.1460667726143386
  ],
  "val_acc": [
    87.06395348837209,
    87.06395348837209,
    86.57945736434108,
    87.01550387596899,
    87.3062015503876,
    86.79748062015504,
    87.4515503875969,
    86.94282945736434,
    87.06395348837209,
    86.9186046511628,
    87.6453488372093,
    87.6937984496124,
    87.98449612403101,
    88.2751937984496,
    88.44476744186046,
    88.34786821705426,
    88.29941860465115,
    88.15406976744185,
    88.37209302325581,
    88.05717054263566,
    87.98449612403101,
    88.00872093023256,
    88.59011627906976,
    88.17829457364341,
    87.8391472868217,
    87.91182170542635,
    87.86337209302324
  ],
  "test_acc": 87.24656638325703
}